Model,MAE,RMSE,R2
Linear Regression,42.54729584152847,70.79756064696326,0.9999933751217689
