Model,MAE,RMSE,R2
Linear Regression,29.66103632600344,46.630096448559954,0.9976754210577904
Random Forest,36.07181617955064,54.280596651474966,0.9968500700385163
SVR,75.78247462764135,129.40489564421563,0.9820975246023899
